"product_id","source_id","canonical_path","structured_fields","description_excerpt","reason","owner_resolution_required","status","robots","canonical_target_path","structured_data"
"1365","8108743157","/catalog/product/radiator-byd-seal-06-gt-1365/","{""title"":""Радиатор BYD Seal 06 GT"",""brand"":""BYD"",""model"":""Seal 06 GT"",""condition"":""Новое"",""article_oem"":""1521085900""}","Радиатор BYD Seal 06 GT S202F2801041308AA/S202F2801041311AA. Б/у, оригинал. Под заказ из Китая 5-6 недель. Стоимость доставки уточняйте у менеджера. Также в наличии и под заказ большой ассортимент запчастей на автомобили китайского, корейского и немецкого прои","condition_conflict","Подтвердить состояние: структурированное поле — «Новое», исходное описание — «Б/у».","needs_review","noindex,follow","/catalog/product/radiator-byd-seal-06-gt-1365/","excluded_product_and_offer"
"1378","8108280589","/catalog/product/bachok-stekloochistitelya-baw-bj-212-1378/","{""title"":""Бачок стеклоочистителя BAW BJ 212"",""brand"":""BAW"",""model"":""212"",""condition"":""Новое"",""article_oem"":""byd""}","Бачок стеклоочистителя BAW BJ 212 S202F2801041308AA/S202F2801041311AA. Б/у, оригинал. Под заказ из Китая 5-6 недель. Стоимость доставки уточняйте у менеджера. Также в наличии и под заказ большой ассортимент запчастей на автомобили китайского, корейского и неме","condition_conflict","Подтвердить состояние: структурированное поле — «Новое», исходное описание — «Б/у».","needs_review","noindex,follow","/catalog/product/bachok-stekloochistitelya-baw-bj-212-1378/","excluded_product_and_offer"
"1393","8107907720","/catalog/product/radiator-konditsionera-volkswagen-tavendor-1393/","{""title"":""Радиатор кондиционера Volkswagen Tavendor"",""brand"":""Volkswagen"",""model"":""Tavendor"",""condition"":""Новое"",""article_oem"":""3QG820411B""}","Радиатор кондиционера Volkswagen Tavendor S202F2801041308AA/S202F2801041311AA. Б/у, оригинал. Под заказ из Китая 5-6 недель. Стоимость доставки уточняйте у менеджера. Также в наличии и под заказ большой ассортимент запчастей на автомобили китайского, корейског","condition_conflict","Подтвердить состояние: структурированное поле — «Новое», исходное описание — «Б/у».","needs_review","noindex,follow","/catalog/product/radiator-konditsionera-volkswagen-tavendor-1393/","excluded_product_and_offer"
"1402","8108309778","/catalog/product/radiator-konditsionera-baw-bj-212-1402/","{""title"":""Радиатор кондиционера BAW BJ 212"",""brand"":""BAW"",""model"":""212"",""condition"":""Новое"",""article_oem"":""byd""}","Радиатор кондиционера BAW BJ 212 S202F2801041308AA/S202F2801041311AA. Б/у, оригинал. Под заказ из Китая 5-6 недель. Стоимость доставки уточняйте у менеджера. Также в наличии и под заказ большой ассортимент запчастей на автомобили китайского, корейского и немец","condition_conflict","Подтвердить состояние: структурированное поле — «Новое», исходное описание — «Б/у».","needs_review","noindex,follow","/catalog/product/radiator-konditsionera-baw-bj-212-1402/","excluded_product_and_offer"
"1410","8107944966","/catalog/product/ventilyator-radiatora-volkswagen-tavendor-1410/","{""title"":""Вентилятор радиатора Volkswagen Tavendor"",""brand"":""Volkswagen"",""model"":""Tavendor"",""condition"":""Новое"",""article_oem"":""3QG959455F""}","Вентилятор радиатора Volkswagen Tavendor S202F2801041308AA/S202F2801041311AA. Б/у, оригинал. Под заказ из Китая 5-6 недель. Стоимость доставки уточняйте у менеджера. Также в наличии и под заказ большой ассортимент запчастей на автомобили китайского, корейского","condition_conflict","Подтвердить состояние: структурированное поле — «Новое», исходное описание — «Б/у».","needs_review","noindex,follow","/catalog/product/ventilyator-radiatora-volkswagen-tavendor-1410/","excluded_product_and_offer"
"1416","8108455785","/catalog/product/interkuler-volkswagen-tavendor-1416/","{""title"":""Интеркулер Volkswagen Tavendor"",""brand"":""Volkswagen"",""model"":""Tavendor"",""condition"":""Новое"",""article_oem"":""3QG145803""}","Интеркулер Volkswagen Tavendor S202F2801041308AA/S202F2801041311AA. Б/у, оригинал. Под заказ из Китая 5-6 недель. Стоимость доставки уточняйте у менеджера. Также в наличии и под заказ большой ассортимент запчастей на автомобили китайского, корейского и немецко","condition_conflict","Подтвердить состояние: структурированное поле — «Новое», исходное описание — «Б/у».","needs_review","noindex,follow","/catalog/product/interkuler-volkswagen-tavendor-1416/","excluded_product_and_offer"
"1425","8108171589","/catalog/product/radiator-dvigatelya-volkswagen-tavendor-1425/","{""title"":""Радиатор двигателя Volkswagen Tavendor"",""brand"":""Volkswagen"",""model"":""Tavendor"",""condition"":""Новое"",""article_oem"":""3QG121251""}","Радиатор двигателя Volkswagen Tavendor S202F2801041308AA/S202F2801041311AA. Б/у, оригинал. Под заказ из Китая 5-6 недель. Стоимость доставки уточняйте у менеджера. Также в наличии и под заказ большой ассортимент запчастей на автомобили китайского, корейского и","condition_conflict","Подтвердить состояние: структурированное поле — «Новое», исходное описание — «Б/у».","needs_review","noindex,follow","/catalog/product/radiator-dvigatelya-volkswagen-tavendor-1425/","excluded_product_and_offer"
"1426","8108639207","/catalog/product/ventilyator-radiatora-voyah-passion-1426/","{""title"":""Вентилятор радиатора Voyah Passion"",""brand"":""Voyah"",""model"":""Passion"",""condition"":""Новое"",""article_oem"":""130801003""}","Вентилятор радиатора Voyah Passion S202F2801041308AA/S202F2801041311AA. Б/у, оригинал. Под заказ из Китая 5-6 недель. Стоимость доставки уточняйте у менеджера. Также в наличии и под заказ большой ассортимент запчастей на автомобили китайского, корейского и нем","condition_conflict","Подтвердить состояние: структурированное поле — «Новое», исходное описание — «Б/у».","needs_review","noindex,follow","/catalog/product/ventilyator-radiatora-voyah-passion-1426/","excluded_product_and_offer"
"1429","8108482199","/catalog/product/radiator-nizkih-temperatur-voyah-passion-1429/","{""title"":""Радиатор низких температур Voyah Passion"",""brand"":""Voyah"",""model"":""Passion"",""condition"":""Новое"",""article_oem"":""130101002""}","Радиатор низких температур Voyah Passion S202F2801041308AA/S202F2801041311AA. Б/у, оригинал. Под заказ из Китая 5-6 недель. Стоимость доставки уточняйте у менеджера. Также в наличии и под заказ большой ассортимент запчастей на автомобили китайского, корейского","condition_conflict","Подтвердить состояние: структурированное поле — «Новое», исходное описание — «Б/у».","needs_review","noindex,follow","/catalog/product/radiator-nizkih-temperatur-voyah-passion-1429/","excluded_product_and_offer"
"1451","8108331741","/catalog/product/ohladitel-batarei-voyah-passion-1451/","{""title"":""Охладитель батареи Voyah Passion"",""brand"":""Voyah"",""model"":""Passion"",""condition"":""Новое"",""article_oem"":""810750003""}","Охладитель батареи Voyah Passion S202F2801041308AA/S202F2801041311AA. Б/у, оригинал. Под заказ из Китая 5-6 недель. Стоимость доставки уточняйте у менеджера. Также в наличии и под заказ большой ассортимент запчастей на автомобили китайского, корейского и немец","condition_conflict","Подтвердить состояние: структурированное поле — «Новое», исходное описание — «Б/у».","needs_review","noindex,follow","/catalog/product/ohladitel-batarei-voyah-passion-1451/","excluded_product_and_offer"
"1457","8044246739","/catalog/product/radiator-dvigatelya-byd-seal-06-gt-1457/","{""title"":""Радиатор двигателя BYD Seal 06 GT"",""brand"":""BYD"",""model"":""Seal 06 GT"",""condition"":""Новое"",""article_oem"":""15210859-00/TA72-1301030""}","Вентилятор радиатора Geely galaxy starship 7 Новое, оригинал. Под заказ из Китая 4-5 недель. Также в наличии и под заказ большой ассортимент запчастей на автомобили китайского, корейского и немецкого производства, как новых так и контрактных. Отправляем любой ","foreign_vehicle_in_description","Подтвердить, относится ли описание Geely Galaxy Starship 7 к карточке BYD Seal 06 GT.","needs_review","noindex,follow","/catalog/product/radiator-dvigatelya-byd-seal-06-gt-1457/","excluded_product_and_offer"
"1458","8108794040","/catalog/product/kompressor-konditsionera-volkswagen-tavendor-1458/","{""title"":""Компрессор кондиционера Volkswagen Tavendor"",""brand"":""Volkswagen"",""model"":""Tavendor"",""condition"":""Новое"",""article_oem"":""1KD820803P""}","Компрессор кондиционера Volkswagen Tavendor S202F2801041308AA/S202F2801041311AA. Б/у, оригинал. Под заказ из Китая 5-6 недель. Стоимость доставки уточняйте у менеджера. Также в наличии и под заказ большой ассортимент запчастей на автомобили китайского, корейск","condition_conflict","Подтвердить состояние: структурированное поле — «Новое», исходное описание — «Б/у».","needs_review","noindex,follow","/catalog/product/kompressor-konditsionera-volkswagen-tavendor-1458/","excluded_product_and_offer"
"1472","8108195488","/catalog/product/bachok-stekloomyvatelya-volkswagen-tavendor-1472/","{""title"":""Бачок стеклоомывателя Volkswagen Tavendor"",""brand"":""Volkswagen"",""model"":""Tavendor"",""condition"":""Новое"",""article_oem"":""30C955453A""}","Бачок стеклоомывателя Volkswagen Tavendor S202F2801041308AA/S202F2801041311AA. Б/у, оригинал. Под заказ из Китая 5-6 недель. Стоимость доставки уточняйте у менеджера. Также в наличии и под заказ большой ассортимент запчастей на автомобили китайского, корейског","condition_conflict","Подтвердить состояние: структурированное поле — «Новое», исходное описание — «Б/у».","needs_review","noindex,follow","/catalog/product/bachok-stekloomyvatelya-volkswagen-tavendor-1472/","excluded_product_and_offer"
"1683","7692137660","/catalog/product/akpp-v-sbore-changan-uni-k-1683/","{""title"":""АКПП в сборе Changan Uni-K"",""brand"":""Changan"",""model"":""UNI-K"",""condition"":""Б/у"",""article_oem"":""""}","Новая оригинальная коробка передач на Changan Uni-K. Под заказ из Китая 3-4 недели. Также в наличии и под заказ большой ассортимент запчастей на автомобили китайского, корейского и немецкого производства, как новых так и контрактных. Отправляем любой транспорт","condition_conflict","Подтвердить состояние: структурированное поле — «Б/у», исходное описание — «Новое».","needs_review","noindex,follow","/catalog/product/akpp-v-sbore-changan-uni-k-1683/","excluded_product_and_offer"
"2017","8107940348","/catalog/product/podkrylok-levyi-zadnii-aito-m8-2017/","{""title"":""Подкрылок левый задний aito M8"",""brand"":""Aito"",""model"":""M8"",""condition"":""Б/у"",""article_oem"":""5504030RR01""}","Подкрылок левый задний AITO M8. Новое, оригинал. Под заказ из Китая 4-5 недель. Также в наличии и под заказ большой ассортимент запчастей на автомобили китайского, корейского и немецкого производства, как новых так и контрактных. Отправляем любой транспортной ","condition_conflict","Подтвердить состояние: структурированное поле — «Б/у», исходное описание — «Новое».","needs_review","noindex,follow","/catalog/product/podkrylok-levyi-zadnii-aito-m8-2017/","excluded_product_and_offer"
"2177","4045277680","/catalog/product/bamper-perednii-voyah-free-v-sbore-original-2177/","{""title"":""Бампер передний Voyah Free в сборе (оригинал)"",""brand"":""Voyah"",""model"":""Free"",""condition"":""Б/у"",""article_oem"":""""}","Новый оригинальный бампер в сборе на Voyah Free - рестайлинг. Состав бампера на 2м фото. Под заказ 15-30 дней.","condition_conflict","Подтвердить состояние: структурированное поле — «Б/у», исходное описание — «Новое».","needs_review","noindex,follow","/catalog/product/bamper-perednii-voyah-free-v-sbore-original-2177/","excluded_product_and_offer"
"2807","8076143658","/catalog/product/nouskat-toyota-rav4-xa50-restailing-2807/","{""title"":""Ноускат Toyota Rav4 XA50 рестайлинг"",""brand"":""Toyota"",""model"":""RAV4"",""condition"":""Б/у"",""article_oem"":""""}","Ноускат Toyota Rav4 V рестайлинг. С фарами! Новое, оригинал. Под заказ из Китая 5-6 недель. Стоимость доставки уточняйте у менеджера. Также в наличии и под заказ большой ассортимент запчастей на автомобили китайского, корейского и немецкого производства, как н","condition_conflict","Подтвердить состояние: структурированное поле — «Б/у», исходное описание — «Новое».","needs_review","noindex,follow","/catalog/product/nouskat-toyota-rav4-xa50-restailing-2807/","excluded_product_and_offer"
